tweet_name|tweet_text|tweet_time
Luimoto|ğŸ”¥We've recently been outfitting @RideClutch with our designer seat covers. Check out their latest giveaway bikes ğŸ‘‡  Kawasaki Ninja H2 and the Honda CBR1000-RR Fireblade SP: https://t.co/MKVbkw9YSJ  #Luimoto #RideClutch #HondaFirebladeSP #KawasakiNinjaH2 https://t.co/uhArOBwA9V|2021-05-20
cycle_law|The Kawasaki Ninja H2 is a flamethrower ğŸ”¥ğŸ”¥ What causes the flames ğŸ”¥   @rideclutch   @derwek  @arizonasportbikedevelopment #rideclutch #kawasaki #ninjah2  #cyclelaw #dynotest #bikelife https://t.co/OB4LAehA3n|2021-05-07
SteveYa08701736|@RonCapps28 @gearwrench @LVMotorSpeedway I need this set so sorry but @RideClutch I need the set to fix the H2|2021-04-24
cycle_law|3, 2, 1... GO!ğŸğŸ˜ Anyone know what Kinda Race this is â“ @meddesyoutube #bikersarmy @bikers.army - #riderich #rideclutch #racing #motogp #redbullracing #bikelife #cyclelaw #bikersofinstagram https://t.co/RMLQscIexW|2021-04-20
Luimoto|Keep an eye out for more Luimoto Seat Covers on some upcoming Ride Clutch Give Aways!   #Luimoto #HondaMotorcycles #HondaFireBlade #Motorcycles #MotorcycleAccessories #LuimotoDesignerSeatCovers #MadeinCanda #RideClutch https://t.co/ODSnn7IzBt|2021-04-13
WraithPhotos|Lol thanks @rideclutch, it's perfect. @ Saint Cloud, Minnesota https://t.co/DUrvmIwTD8|2021-04-10
twpowersportsin|We like the revs! ğŸš€ @rideclutch @derwek   #MakeLifeARide #S1000RR #Custombike #BMWMotorrad #tomwoodrocks #indianapolis #indiana https://t.co/G0FNA6MCYE|2021-04-03
MindOfAndrew|@ryanfcrew Rideclutch?|2021-03-03
emir_orbita|Thank you @rideclutch for choosing me as one of your random winners from your YouTube channel giveaway! I just got my prize today! #prizegiveaway #prizewinner #winner #nowfortheraffleğŸ˜… #crossingmyfingers ğŸ¤ https://t.co/crpQuKMFrb|2021-01-22
emir_orbita|Thank you @rideclutch for choosing me as one of your random winners from your YouTube channel giveaway! I just got my prize today! #prizegiveaway #prizewinner #winner #nowfortheraffleğŸ˜… #crossingmyfingers ğŸ¤ https://t.co/NMUNyQioQz|2021-01-22
OliverHansHerre|Praying to the Gods to win the Lotto, Pappy Van Winkle, and #rideclutch to win all of it and become the luckiest. Pray for me. #blessing #LotteryTickets #wishfulthinking|2021-01-19
Bosteve|Alfred has been here. #thebirds @rideclutch @ Madeira Beach, Florida https://t.co/NhZQxc3DQw|2021-01-04
AZ__TEE|Shout out to my RideClutch Fam for helping me out with my insurance paper work!!|2020-12-02
GrabAdabAgoo|@rideclutch @ World Wide https://t.co/OVclEVnzyz|2020-11-25
AC_Adewale|Ride Clutch is one of the scammiest companies online. Id recommend motorcyclists not giving them your business. Super shady company with purposefully misleading business practices &amp; â€œcontestsâ€. Whereâ€™s @BBBTriCounties when you need them. #rideclutch #buyerbeware #audittheirbiz|2020-11-11
sacriedx|#RideClutch #NewProfliePic I mean that's a good excuses ğŸ˜… https://t.co/rmbnGVLHWE|2020-10-21
Philosopha|#RideClutch https://t.co/A8g2vjQGeh|2020-10-20
MindOfAndrew|@FaZeApex @ryanfcrew Is extremely smart with set ups and adding creative detail. I'd encourage you to reach out to him. He did the photo room set up for RideClutch House (Sport Bike &amp; Influencer company)|2020-10-02
marteeniweenie|Heard theaters opened back up ğŸ¿   #R6 #yamaha #shoei #lightmode #alpinestars #motorcycle #amc #rideclutch   Photo creds: @ArminLangPhoto https://t.co/CUz2qez0Yz|2020-09-24
riskosf|RideClutch giveaway is so fire. BMW S1000RR+$15k damn|2020-09-14
tv_roulette|Aside from streaming riding gear and motorcycles is my 2nd favorite hobby! ğŸ˜ğŸ #rideclutchgiveaway #rideclutch #rideclutchapparel #livefast #dropagearanddisappear https://t.co/ZnN86CRw7W|2020-07-11
hugosays|as much as i would love to win a car, truck, or motorcycle from rideclutch, it's such a squid website i can't support it|2020-06-03
Lostkage|When it was warmer out last week #rideyourbike #parkour #freerunning #bikeporn #motolife #motocycle rideclutch #apple #vosshelmets #gopro gopro https://t.co/DYSNRFzlvC|2020-05-30
SamuraiHg|That rev limiter ğŸ˜ğŸ˜ğŸ˜ #Repost @sportbikelife â€¢ â€¢ â€¢ â€¢ â€¢ â€¢ @thekilacam â€¢â€¢â€¢ Testing out his new full system SPX Carbon Fiber @cobraexhaust ğŸ”¥ âœ–ï¸ WHAT DO YALL THINK? ğŸ‘€ âœ–ï¸ LOLOL THAT REV LIMITER THOUGH ğŸ˜‚ #sportbikelife #rideclutch https://t.co/wkDD9KOGRf|2020-05-18
Jesse96Ward|Couldn't have asked for a better day to be out with Bumblebee cruising some back roads today! Beautiful day with some beautiful views!!  #photography #photoshoot #bikelife #daretolive #riderich #rideclutchâ€¦ https://t.co/dTcoNzY8nq|2020-05-17
AydinKaragic|New whip who dis #716bikelife #yamahar6 #rideclutch https://t.co/ZxevQ2a6Wu|2020-05-03
Jesse96Ward|Do you dare to live?  #photography #photoshoot #bikelife #daretolive #riderich #rideclutch #selfie #photomodel #photoftheday #sponsorme #instagrammodel @ Gravenhurst, Ontario https://t.co/nWB81lsFGW|2020-04-10
Thatoneweirdk16|"For those who say I'm reckless and dont know how to ""âœŒ"" PROPERLY ""âœŒ"" drive. You can thank rideclutch for the quick reply. https://t.co/mehMimQVyR"|2020-02-01
pazzo_racing|Posted withregram â€¢ rideclutch We could all use a Yamaha R1 + $5000.. So why not get entered to WIN? Go follow rideclutch and check out the link in their bio for info on how you could go home with this bike ğŸ˜ ps itâ€¦ https://t.co/zVGm28nfd5|2020-01-29
producer_jb|#Repost rideclutch â€¢  â€¢  â€¢  â€¢  â€¢ Double tap! Where is the Yamaha R1 going?! Comment below ğŸ‘‡ğŸŒ _  #yamaha #r1 #yamahar1 #ducati #ducati899 #kawasaki #zx10r #panigale #r6 #gsxr #gsxr600 #gsxr750 #gsxr1000 #zx6r #zx10râ€¦ https://t.co/bQJUBaaSYx|2020-01-08
ducatistagram|We are giving away this Ducati 899 + $1,000 CASH for Fantasy Motorcycle Giveaway #9 ğŸğŸ’µğŸ“² rideclutch  Every $1 spent at https://t.co/0dJpTFUalc gets you 1 instant entry! + BONUS ENTRIES (Limited to America &amp; Canada) YOUâ€¦ https://t.co/Ei2bTiUylA|2019-12-01
Jonatha48624150|Great fun hanging with the guys from rideclutch yesterday ! Thank you for the opportunity of working on another beautiful machine ğŸ˜. I really like the quality of materials on the #toceexhaust , and American madeâ€¦ https://t.co/zlZagju4RG|2019-06-04
BikerAholic|Itâ€™s a beautiful day! â˜€ï¸ Itâ€™s Saturday letâ€™s ride!! ğŸğŸ˜ğŸ’¯âœŒğŸ»                   â–â–â–â–â–â–â–â–â–â–â–â–â–â–â–â–â– #Repost srtjd ãƒ»ãƒ»ãƒ» Who is ready for this weekend? ğŸ™‹ğŸ»â€â™€ï¸ â€¢ ğŸ“¸: @davidruizolmedo â€¢ Shirt from rideclutch. Every dollar spentâ€¦ https://t.co/gHuN8m3guy|2019-06-01
Moo_iz|Who's up and ready for Sunday ride? #sbk #hondacbr #cbr500r #sbk #rideclutch #monsterenergy https://t.co/hieI0YZ45S|2019-03-29
Moo_iz|My loyal partner that has been travelling with me up mid north and InsyaAllah south this year.  Thanks babe for being there with me.  #sbkmalaysia #superbikelife #hondacbr #cbr500r #rideclutch #rideordie #cbr https://t.co/NDDH40XIFy|2019-03-29
JPrime8308|Forget this cold weather and snow, bring on the heat rideclutch https://t.co/MLF0HggrXh|2019-01-13
JCLEAR87|#rideclutch https://t.co/J0jWa31WTd|2019-01-05
ducatistagram|"Guys tonight at midnight is the DEADLINE + Double Entries! rideclutch || WIN THIS DUCATI 899! ğŸ“± Go to https://t.co/XsC83sIP3Q  ğŸŸ Every $5 spent is 2 Entries â—ï¸Comment below â€œYUPâ€ if youâ€™reâ€¦ https://t.co/bl3j4u1YoU"|2018-12-30
ducatistagram|"Guys only 1 day left to ENTER + DOUBLE ENTRIES! rideclutch || WIN THIS DUCATI 899!ğŸ ğŸ“± Go to https://t.co/XsC83t0qsq  ğŸŸ Every $5 spent is 2 Entries â—ï¸Comment below â€œYUPâ€ if youâ€™reâ€¦ https://t.co/Lu9ra52Bjq"|2018-12-29
ducatistagram|"Guys, 3 days left to win the 899 by rideclutch ENTER + DOUBLE ENTRIES! rideclutch || WIN THIS DUCATI 899! ğŸ“± Go to https://t.co/XsC83t0qsq  ğŸŸ Every $5 spent is 2 Entries â—ï¸Comment below â€œYUPâ€ ifâ€¦ https://t.co/JRbjIPVznN"|2018-12-27
MAACONDABEAT|@blame_alexx #cantdrivestick #stallout #rideclutch|2017-09-19
JFrankery|i got 809 views on my how to ride with a clutch video! my channel wouldnt b shit if i rode a quad with an automatic! #ridered #rideclutch|2016-05-18
youngMuck38|@rideclutch https://t.co/Pfyhultrgn|2016-01-18
SkirtsClothes|"News1 new result for ""cruise"" ""to New York""Â Celebrities cruise east coast for motorcycle charity rideClutch and ... http://bit.ly/nmlTqO"|2011-08-05
tweet_name|tweet_text|tweet_time
emilyrose0917_|I love my baby ğŸ’šğŸ’š @KawasakiUSA #ninja650 #girlswhoride #rideclutch https://t.co/OqimW6EZCL|2021-07-09
emilyrose0917_|Bettering myself ğŸ˜ˆğŸ’š #gymgirl #planetfitness #rideclutch #girlswithtattoos #tannedandtattooed #hydrojug https://t.co/ifGcY4PIXa|2021-07-09
Luimoto|ğŸ”¥We've recently been outfitting @RideClutch with our designer seat covers. Check out their latest giveaway bikes ğŸ‘‡  Kawasaki Ninja H2 and the Honda CBR1000-RR Fireblade SP: https://t.co/MKVbkw9YSJ  #Luimoto #RideClutch #HondaFirebladeSP #KawasakiNinjaH2 https://t.co/uhArOBwA9V|2021-05-20
cycle_law|The Kawasaki Ninja H2 is a flamethrower ğŸ”¥ğŸ”¥ What causes the flames ğŸ”¥   @rideclutch   @derwek  @arizonasportbikedevelopment #rideclutch #kawasaki #ninjah2  #cyclelaw #dynotest #bikelife https://t.co/OB4LAehA3n|2021-05-07
SteveYa08701736|@RonCapps28 @gearwrench @LVMotorSpeedway I need this set so sorry but @RideClutch I need the set to fix the H2|2021-04-24
cycle_law|3, 2, 1... GO!ğŸğŸ˜ Anyone know what Kinda Race this is â“ @meddesyoutube #bikersarmy @bikers.army - #riderich #rideclutch #racing #motogp #redbullracing #bikelife #cyclelaw #bikersofinstagram https://t.co/RMLQscIexW|2021-04-20
Luimoto|Keep an eye out for more Luimoto Seat Covers on some upcoming Ride Clutch Give Aways!   #Luimoto #HondaMotorcycles #HondaFireBlade #Motorcycles #MotorcycleAccessories #LuimotoDesignerSeatCovers #MadeinCanda #RideClutch https://t.co/ODSnn7IzBt|2021-04-13
WraithPhotos|Lol thanks @rideclutch, it's perfect. @ Saint Cloud, Minnesota https://t.co/DUrvmIwTD8|2021-04-10
emir_orbita|Thank you @rideclutch for choosing me as one of your random winners from your YouTube channel giveaway! I just got my prize today! #prizegiveaway #prizewinner #winner #nowfortheraffleğŸ˜… #crossingmyfingers ğŸ¤ https://t.co/NMUNyQioQz|2021-01-22
OliverHansHerre|Praying to the Gods to win the Lotto, Pappy Van Winkle, and #rideclutch to win all of it and become the luckiest. Pray for me. #blessing #LotteryTickets #wishfulthinking|2021-01-19
Bosteve|Alfred has been here. #thebirds @rideclutch @ Madeira Beach, Florida https://t.co/NhZQxc3DQw|2021-01-04
_toxicteee_|Shout out to my RideClutch Fam for helping me out with my insurance paper work!!|2020-12-02
AC_Adewale|Ride Clutch is one of the scammiest companies online. Id recommend motorcyclists not giving them your business. Super shady company with purposefully misleading business practices &amp; â€œcontestsâ€. Whereâ€™s @BBBTriCounties when you need them. #rideclutch #buyerbeware #audittheirbiz|2020-11-11
Philosopha|#RideClutch https://t.co/A8g2vjQGeh|2020-10-20
marteeniweenie|Heard theaters opened back up ğŸ¿   #R6 #yamaha #shoei #lightmode #alpinestars #motorcycle #amc #rideclutch   Photo creds: @ArminLangPhoto https://t.co/CUz2qez0Yz|2020-09-24
riskosf|RideClutch giveaway is so fire. BMW S1000RR+$15k damn|2020-09-14
tv_roulette|Aside from streaming riding gear and motorcycles is my 2nd favorite hobby! ğŸ˜ğŸ #rideclutchgiveaway #rideclutch #rideclutchapparel #livefast #dropagearanddisappear https://t.co/ZnN86CRw7W|2020-07-11
hugosays|as much as i would love to win a car, truck, or motorcycle from rideclutch, it's such a squid website i can't support it|2020-06-03
Lostkage|When it was warmer out last week #rideyourbike #parkour #freerunning #bikeporn #motolife #motocycle rideclutch #apple #vosshelmets #gopro gopro https://t.co/DYSNRFzlvC|2020-05-30
SamuraiHg|That rev limiter ğŸ˜ğŸ˜ğŸ˜ #Repost @sportbikelife â€¢ â€¢ â€¢ â€¢ â€¢ â€¢ @thekilacam â€¢â€¢â€¢ Testing out his new full system SPX Carbon Fiber @cobraexhaust ğŸ”¥ âœ–ï¸ WHAT DO YALL THINK? ğŸ‘€ âœ–ï¸ LOLOL THAT REV LIMITER THOUGH ğŸ˜‚ #sportbikelife #rideclutch https://t.co/wkDD9KOGRf|2020-05-18
Jesse96Ward|Couldn't have asked for a better day to be out with Bumblebee cruising some back roads today! Beautiful day with some beautiful views!!  #photography #photoshoot #bikelife #daretolive #riderich #rideclutchâ€¦ https://t.co/dTcoNzY8nq|2020-05-17
AydinKaragic|New whip who dis #716bikelife #yamahar6 #rideclutch https://t.co/ZxevQ2a6Wu|2020-05-03
Jesse96Ward|Do you dare to live?  #photography #photoshoot #bikelife #daretolive #riderich #rideclutch #selfie #photomodel #photoftheday #sponsorme #instagrammodel @ Gravenhurst, Ontario https://t.co/nWB81lsFGW|2020-04-10
Thatoneweirdk16|"For those who say I'm reckless and dont know how to ""âœŒ"" PROPERLY ""âœŒ"" drive. You can thank rideclutch for the quick reply. https://t.co/mehMimQVyR"|2020-02-01
pazzo_racing|Posted withregram â€¢ rideclutch We could all use a Yamaha R1 + $5000.. So why not get entered to WIN? Go follow rideclutch and check out the link in their bio for info on how you could go home with this bike ğŸ˜ ps itâ€¦ https://t.co/zVGm28nfd5|2020-01-29
producer_jb|#Repost rideclutch â€¢  â€¢  â€¢  â€¢  â€¢ Double tap! Where is the Yamaha R1 going?! Comment below ğŸ‘‡ğŸŒ _  #yamaha #r1 #yamahar1 #ducati #ducati899 #kawasaki #zx10r #panigale #r6 #gsxr #gsxr600 #gsxr750 #gsxr1000 #zx6r #zx10râ€¦ https://t.co/bQJUBaaSYx|2020-01-08
ducatistagram|We are giving away this Ducati 899 + $1,000 CASH for Fantasy Motorcycle Giveaway #9 ğŸğŸ’µğŸ“² rideclutch  Every $1 spent at https://t.co/0dJpTFUalc gets you 1 instant entry! + BONUS ENTRIES (Limited to America &amp; Canada) YOUâ€¦ https://t.co/Ei2bTiUylA|2019-12-01
Jonatha48624150|Great fun hanging with the guys from rideclutch yesterday ! Thank you for the opportunity of working on another beautiful machine ğŸ˜. I really like the quality of materials on the #toceexhaust , and American madeâ€¦ https://t.co/zlZagju4RG|2019-06-04
BikerAholic|Itâ€™s a beautiful day! â˜€ï¸ Itâ€™s Saturday letâ€™s ride!! ğŸğŸ˜ğŸ’¯âœŒğŸ»                   â–â–â–â–â–â–â–â–â–â–â–â–â–â–â–â–â– #Repost srtjd ãƒ»ãƒ»ãƒ» Who is ready for this weekend? ğŸ™‹ğŸ»â€â™€ï¸ â€¢ ğŸ“¸: @davidruizolmedo â€¢ Shirt from rideclutch. Every dollar spentâ€¦ https://t.co/gHuN8m3guy|2019-06-01
Moo_iz|Who's up and ready for Sunday ride? #sbk #hondacbr #cbr500r #sbk #rideclutch #monsterenergy https://t.co/hieI0YZ45S|2019-03-29
Moo_iz|My loyal partner that has been travelling with me up mid north and InsyaAllah south this year.  Thanks babe for being there with me.  #sbkmalaysia #superbikelife #hondacbr #cbr500r #rideclutch #rideordie #cbr https://t.co/NDDH40XIFy|2019-03-29
JPrime8308|Forget this cold weather and snow, bring on the heat rideclutch https://t.co/MLF0HggrXh|2019-01-13
JCLEAR87|#rideclutch https://t.co/J0jWa31WTd|2019-01-05
ducatistagram|"Guys tonight at midnight is the DEADLINE + Double Entries! rideclutch || WIN THIS DUCATI 899! ğŸ“± Go to https://t.co/XsC83sIP3Q  ğŸŸ Every $5 spent is 2 Entries â—ï¸Comment below â€œYUPâ€ if youâ€™reâ€¦ https://t.co/bl3j4u1YoU"|2018-12-30
ducatistagram|"Guys only 1 day left to ENTER + DOUBLE ENTRIES! rideclutch || WIN THIS DUCATI 899!ğŸ ğŸ“± Go to https://t.co/XsC83t0qsq  ğŸŸ Every $5 spent is 2 Entries â—ï¸Comment below â€œYUPâ€ if youâ€™reâ€¦ https://t.co/Lu9ra52Bjq"|2018-12-29
ducatistagram|"Guys, 3 days left to win the 899 by rideclutch ENTER + DOUBLE ENTRIES! rideclutch || WIN THIS DUCATI 899! ğŸ“± Go to https://t.co/XsC83t0qsq  ğŸŸ Every $5 spent is 2 Entries â—ï¸Comment below â€œYUPâ€ ifâ€¦ https://t.co/JRbjIPVznN"|2018-12-27
MAACONDABEAT|@blame_alexx #cantdrivestick #stallout #rideclutch|2017-09-19
JFrankery|i got 809 views on my how to ride with a clutch video! my channel wouldnt b shit if i rode a quad with an automatic! #ridered #rideclutch|2016-05-18
youngMuck38|@rideclutch https://t.co/Pfyhultrgn|2016-01-18
SkirtsClothes|"News1 new result for ""cruise"" ""to New York""Â Celebrities cruise east coast for motorcycle charity rideClutch and ... http://bit.ly/nmlTqO"|2011-08-05
