fb_name|fb_text|fb_time
Reham Ibrahim|Reham Ibrahim|2021-05-22 18:49:51
Shagufta Chauhan|"https://
www.hindustantim
es.com/cities/
delhi-news/
delhi-police-fil
e-fir-send-noti
ce-to-github-af
ter-muslim-wome
n-put-up-for-sa
le-on-app-10162
5779795677-amp.
html"|2021-07-08 18:49:51
Norah Silvina Gonzalez Montoya|gfjgfmgfjgmjf,|2021-05-22 18:49:51
Amerika Per|I'm migrating from Fakebook... to the computer group at Gab.com... (See you there.)|2021-06-22 18:49:51
Ro Dro|you page iinfectsss peoples laps|2021-05-22 18:49:51
Charles Don|"Looking for the best FOREX & STOCK Account Manager? Then I've brought you to all good news that Sherry Sherry is the Best FOREX, STOCK, BINARY OPTION & IQ OPTION online Trader, who can turn $500 into $6,500 in just 4days.... Ever since she started trading for me, I have never had any reason to regret my knowing her... contact her now
email: Murphysherry303
@gmail.com
WhatsApp :+ 13153028128"|2021-07-01 18:49:51
fb_name|fb_text|fb_time
