theessenceidentity,ğŸ’™ â˜• ğŸ“– âŒ¨trippy graphic ğŸ§ğŸ‘ğŸ˜ Who is contributor?,2021-07-22T17:04:11.000Z,https://www.instagram.com/p/CRoxgPrDjgw/
juliasetiawan32,Yo.. Server is down or wht?,2021-07-23T10:24:50.000Z,https://www.instagram.com/p/CRoxgPrDjgw/
unitedstatesprisoner00,yo. KNOCK KNOCK. YOU DIED YOU DONT EXIST look iT LL BEE. Set you up to die. Y? cuz God,2021-07-25T10:19:10.000Z,https://www.instagram.com/p/CRoxgPrDjgw/
unitedstatesprisoner00,inauthentic. theft. SUPER CHARGES IN COURTS ALL AROUND. worldwide stupid you belong in prison and prisoner,2021-07-25T10:19:55.000Z,https://www.instagram.com/p/CRoxgPrDjgw/
wzxmpl,Ù„Ø§Ø­Ù‚ÙŠÙ† Ø¹Ù„ÙŠÙ‡Ù… ØºÙŠØ±Ùˆ Ø§ÙØªØ§Ø±ÙƒÙ… Ø§Ù„Ø­ÙŠÙ†,2021-07-20T22:54:52.000Z,https://www.instagram.com/p/CRkMq1vD8Ef/
deep_coders,Ø³Ù„Ø§Ù… ğŸ˜€ Ù‡Ù…Ø§Ù†Ø·ÙˆØ± Ú©Ù‡ Ù…ÛŒ Ø¯ÙˆÙ†ÛŒ Ø¬Ø¯ÛŒØ¯Ø§ Ø±ÙˆØ´ Ù‡Ø§ÛŒ Ù…ØªØ¹Ø¯Ø¯ÛŒ Ø¨Ø±Ø§ÛŒ Ù†ÙÙˆØ° Ø¨Ù‡ Ø³Ø§ÛŒØª Ù‡Ø§ ( Ù…Ø®ØµÙˆØµØ§ ÙˆØ±Ø¯Ù¾Ø±Ø³ÛŒ ) Ø§ÛŒØ¬Ø§Ø¯ Ø´Ø¯Ù‡. Ù†Ø±Ø® Ù‡Ú© Ùˆ Ú©Ø±Ú© Ø´Ø¯Ù† Ø³Ø±ÙˆØ± Ùˆ ÙˆØ¨Ø³Ø§ÛŒØª Ù‡Ø§ Ø¨Ù‡ Ø­Ø¯ÛŒ Ø¨Ø§Ù„Ø§ Ø±ÙØªÙ‡ Ú©Ù‡ Ù‡Ù…Ù‡ Ú©Ø³Ø§Ù†ÛŒ Ú©Ù‡ ÙˆØ¨Ø³Ø§ÛŒØª Ø¯Ø§Ø±Ù†Ø¯ Ø¨Ø§ÛŒØ¯ Ù‡Ø± Ù‡ÙØªÙ‡ Ø³Ø§ÛŒØªØ´ÙˆÙ† Ø¯Ø± Ø¨Ø±Ø§Ø¨Ø± Ù‡Ù…Ù‡ Ø®Ø·Ø± Ù‡Ø§ Ø§Ø³Ú©Ù† Ø¨Ø´Ù‡. ğŸŒğŸ”’ ØªÛŒÙ… Ù…Ø§ Ø¨Ø±Ø§ÛŒ Ù‡Ø± Ø§Ø³Ú©Ù† ÙÙ‚Ø· Ùˆ ÙÙ‚Ø· Û²Û°Û° Ù‡Ø²Ø§Ø±ØªÙˆÙ…Ø§Ù† Ø§Ø²ØªÙˆÙ† Ù…ÛŒÚ¯ÛŒØ±Ù‡! Ú©Ù‡ Ø¹Ø¯Ø¯ Ø¨Ø³ÛŒØ§Ø± Ú©Ù…ÛŒ Ø§Ø³Øª! Ù‡Ù…ÛŒÙ†Ø·ÙˆØ± Ù‡Ø¯Ø§ÛŒØ§ÛŒ ÙˆÛŒÚ˜Ù‡ Ø§ÛŒ Ø¨Ø±Ø§ÛŒ Ø§ÙˆÙ„ÛŒÙ† Ø§ÙØ±Ø§Ø¯ÛŒ Ú©Ù‡ Ø§Ø² Ø§ÛŒÙ† Ø®Ø¯Ù…Ø§Øª Ø§Ø³ØªÙØ§Ø¯Ù‡ Ù…ÛŒ Ú©Ù†Ù†Ø¯ Ø¯Ø± Ù†Ø¸Ø± Ú¯Ø±ÙØªÙ‡ Ø´Ø¯Ù‡! Ù¾Ø³ Ø¨Ø¬Ù†Ø¨ ØªØ§ Ø¯ÛŒØ± Ù†Ø´Ø¯Ù‡. ğŸ Ù‡Ù…ÛŒÙ†Ø¬Ø§ Ù…ÛŒØªÙˆÙ†ÛŒ Ø¨Ù‡Ù…ÙˆÙ† Ù¾ÛŒØ§Ù… Ø¨Ø¯ÛŒ :),2021-07-21T13:07:26.000Z,https://www.instagram.com/p/CRkMq1vD8Ef/
unitedstatesprisoner00,"watch what you get here from ME only me. Super Evolution ""guy""",2021-07-25T10:20:44.000Z,https://www.instagram.com/p/CRkMq1vD8Ef/
obaiakeir,Good,2021-07-25T14:21:46.000Z,https://www.instagram.com/p/CRkMq1vD8Ef/
th3_marvel.boy,First commentğŸ’¬â¤ï¸ğŸ”¥,2021-07-14T17:23:01.000Z,https://www.instagram.com/p/CRUNLy7D94R/
shlesha_gupta,https://youtu.be/Xz2hBSxhzhE,2021-07-17T09:27:04.000Z,https://www.instagram.com/p/CRUNLy7D94R/
